"Table S8 | List of DEGs (|log2FC| > 0.585 and FDR < 0.01) between DT1_A and DT1_U in 35-day-old organoids. FC, fold change; CPM, counts per million; LR, likelihood ratio statistics; FDR, false discovery rate; CV, coefficient of variation.",,,,,,,,,
Gene_name,Log2FC,Log2CPM,LR,p-value,FDR,Means_DT1_A,CV_DT1_A,Means_DT1_U,CV_DT1_U
FGFBP3,-2.265374864,9.981977469,591.5651323,1.14E-130,2.00E-126,1.778414325,109.9671105,3.160778484,68.71734744
SMOC1,-2.038978512,7.626112663,309.779099,2.44E-69,4.25E-66,0.332877172,243.9204651,0.80110756,147.4885288
FOXB1,-1.97126527,7.47113521,376.7669224,6.29E-84,2.19E-80,0.227572423,269.343862,0.599952123,151.4615214
RARRES2,-1.871755773,7.415833811,360.7547587,1.93E-80,6.12E-77,0.1747075,294.3336171,0.530616455,163.6416131
COL2A1,-1.788885928,7.74799184,360.1285998,2.64E-80,7.67E-77,0.474590198,198.7139284,0.964814034,114.9829484
SOX3,-1.709030176,8.136920213,295.631397,2.95E-66,4.11E-63,0.712055553,162.557113,1.340501855,104.9807953
SOX21,-1.663054885,7.657138875,269.9271133,1.18E-60,1.37E-57,0.411930834,203.4307037,0.818482274,127.7427963
SALL4,-1.655620966,7.454015511,333.7063525,1.50E-74,3.27E-71,0.230308228,242.6769538,0.584170797,142.1275807
GREB1,-1.653926536,7.782899293,487.203702,5.78E-108,4.13E-104,0.482122847,166.3491614,1.095408822,94.01294374
EN1,-1.641923192,7.326127328,266.4770264,6.65E-60,7.25E-57,0.086177397,477.2480992,0.378134372,217.9872456
HS3ST3B1,-1.639108156,7.458519822,311.9245107,8.32E-70,1.53E-66,0.257310632,245.1124728,0.580051284,143.286033
FST,-1.63589193,7.397597724,236.9673462,1.80E-53,1.50E-50,0.217394427,309.4961458,0.498967162,183.6456191
LITAF,-1.628434667,7.962733231,346.3611436,2.63E-77,6.55E-74,0.627150302,161.5818301,1.253555548,102.4410413
LINC01021,-1.619822049,7.593218478,272.6763483,2.96E-61,3.56E-58,0.353505521,216.9894674,0.781238863,133.9882026
EN2,-1.598676522,7.719005565,273.9655783,1.55E-61,1.93E-58,0.429389895,185.3007987,0.947463713,125.4718817
PAX5,-1.526557996,7.318764969,183.5552,8.11E-42,3.49E-39,0.097255121,456.2862373,0.351520135,248.5627016
PGM5,-1.524857312,7.406465168,186.4025706,1.94E-42,8.67E-40,0.223592285,272.0683968,0.475415377,181.2030021
PCSK9,-1.481492458,7.33757871,194.8369813,2.80E-44,1.43E-41,0.148537746,347.6293267,0.382165407,209.3483899
NTN1,-1.471442987,7.408404892,223.2202217,1.79E-50,1.18E-47,0.230272507,273.4141394,0.527331137,171.9443065
OTX1,-1.455686675,7.580723691,196.5843149,1.16E-44,6.14E-42,0.380096845,208.0399146,0.723529369,140.5089876
AC009403.2,-1.406579931,7.379647733,225.2934958,6.34E-51,4.26E-48,0.172117738,257.8059418,0.473783792,170.2700712
SALL1,-1.366859771,7.644683343,250.063256,2.52E-56,2.25E-53,0.451335487,188.7912014,0.815671684,118.008408
PAPPA,-1.363209851,7.321728836,161.961741,4.22E-37,1.44E-34,0.144275517,365.2416127,0.349410489,229.1252404
LINC01158,-1.340417145,8.486978883,475.8112383,1.74E-105,8.68E-102,1.130187169,104.1230109,1.968456512,62.47855799
TRIM71,-1.337439399,7.511018559,306.8690315,1.05E-68,1.67E-65,0.306020214,203.4669242,0.653782228,117.6888444
AC099489.1,-1.330728438,7.297662561,217.2717132,3.56E-49,2.26E-46,0.069402049,516.617868,0.318174584,233.128541
FAM181A,-1.30101454,7.680995735,192.5036486,9.03E-44,4.44E-41,0.467427444,181.4197671,0.831936259,126.3149275
SP9,-1.296388736,7.350604197,154.510762,1.79E-35,5.12E-33,0.187194133,292.3720315,0.394562073,196.8137371
CCND1,-1.270181559,8.516956619,204.5970201,2.07E-46,1.19E-43,1.129822848,129.3100836,1.793584098,88.9180366
IGDCC3,-1.265348242,9.211540775,481.7782772,8.77E-107,5.10E-103,1.864870814,73.72263331,2.815876248,51.62465264
NKX6-1,-1.259738902,7.293176602,160.4822935,8.88E-37,2.95E-34,0.096848551,535.1155958,0.303230556,265.669951
PDLIM3,-1.255677699,7.613817211,173.1422601,1.52E-39,6.04E-37,0.451194175,196.8153025,0.752969814,131.277048
TOP2A,-1.216943784,7.607184204,70.07881996,5.70E-17,4.05E-15,0.486101919,248.7442816,0.706612569,191.1435663
VEPH1,-1.216750936,7.37449782,198.1132618,5.39E-45,2.89E-42,0.203751652,248.538762,0.416855972,159.5828851
WNT7A,-1.198010559,7.586214633,225.7044886,5.15E-51,3.60E-48,0.396016803,183.0169196,0.753178778,116.3116616
AURKB,-1.196075831,7.405941948,69.77071342,6.66E-17,4.71E-15,0.274422483,293.4311796,0.443824816,220.43871
ASCL1,-1.187498557,7.966044963,114.5844145,9.70E-27,1.51E-24,0.763352814,174.2670862,1.156320668,125.5761302
IRX3,-1.180568914,8.079378083,261.154372,9.61E-59,9.86E-56,0.81142403,130.5280616,1.372299092,84.76189888
LINC01102,-1.159199445,7.322485261,190.0791581,3.06E-43,1.46E-40,0.142737031,285.4271513,0.310154102,184.5394151
GATA3,-1.154655737,7.295455446,28.93173076,7.50E-08,1.76E-06,0.128887794,497.3663834,0.228907859,383.8392813
HMGB2,-1.143342877,8.34864279,120.6320482,4.60E-28,8.06E-26,1.136792895,146.4176118,1.607348886,112.6740421
FOSB,-1.135303223,7.988820364,89.88211964,2.53E-21,2.49E-19,0.723178025,175.2439263,1.062659378,130.4623368
SFRP2,-1.133280673,8.002659693,160.1879587,1.03E-36,3.39E-34,0.786806956,157.4176775,1.213887063,103.4343307
CAMKV,-1.116051193,7.61532438,232.152107,2.02E-52,1.53E-49,0.422931416,161.8245817,0.804852669,106.9987414
RBPMS,-1.111631397,7.351041204,166.4555175,4.40E-38,1.60E-35,0.180837436,253.3683333,0.36693918,174.7525754
EFNA5,-1.103786894,7.593007691,187.3786656,1.19E-42,5.52E-40,0.404264312,175.9923065,0.763726863,122.8142043
PTPRZ1,-1.099437237,8.340651741,203.5371314,3.53E-46,1.99E-43,1.05094229,119.0434011,1.630916352,83.71353494
AC024940.1,-1.098922794,7.304227878,163.7735916,1.70E-37,5.97E-35,0.122618601,327.7026634,0.297398397,210.8279369
MKI67,-1.096762954,7.52560338,55.40903317,9.79E-14,5.10E-12,0.415224329,253.4925293,0.577278085,202.5756995
BIRC5,-1.089262537,7.619256349,57.21904941,3.90E-14,2.09E-12,0.467804801,228.4230508,0.653136808,182.2078164
BCHE,-1.088878757,7.468677625,186.9921262,1.44E-42,6.53E-40,0.289367733,202.6007527,0.566133955,131.4197239
VIM,-1.087525119,11.59233457,178.2432904,1.17E-40,4.81E-38,3.3905977,74.48492189,4.625768539,50.9298591
ANOS1,-1.060801502,7.299984276,153.4668821,3.03E-35,8.52E-33,0.134177641,328.0187704,0.273748965,207.4431513
TYMS,-1.056275615,8.127736667,79.78926768,4.17E-19,3.56E-17,0.858843918,165.9178179,1.205944465,127.1954462
PBK,-1.054130371,7.420208081,49.5191904,1.96E-12,8.68E-11,0.288821374,282.4664788,0.443447492,223.2238178
UBE2C,-1.048726914,7.487920734,58.33874041,2.21E-14,1.22E-12,0.404615925,270.0333094,0.596324733,209.2280695
IRX5,-1.030016921,7.95454477,214.7386984,1.27E-48,7.91E-46,0.746434119,128.6424361,1.222468675,88.10562328
HES5,-1.027716046,8.636274807,74.30319163,6.70E-18,5.17E-16,1.108614389,150.5985565,1.611493965,108.6851432
NUSAP1,-1.025796915,7.622851845,58.57639768,1.96E-14,1.09E-12,0.509383812,223.3836675,0.705167963,176.3792133
FAM181B,-1.023469195,7.585494837,101.1674414,8.45E-24,1.05E-21,0.444922215,194.5986977,0.688950767,144.5738775
DUSP6,-1.022983505,7.470606981,123.5280603,1.07E-28,1.96E-26,0.324953202,219.6585645,0.550525701,151.1051405
LRRC17,-1.020361585,7.452908541,125.103467,4.83E-29,9.21E-27,0.307718889,226.3720302,0.528821993,151.2132561
CENPF,-1.018351062,7.53040192,59.24433876,1.39E-14,7.85E-13,0.421057707,238.5388936,0.609542914,184.7476943
OTX2,-1.012284555,8.138974031,78.37234159,8.53E-19,7.09E-17,0.826378966,165.4454934,1.21436774,111.645574
AK4,-1.009878425,7.606588792,141.0296235,1.59E-32,3.71E-30,0.449430533,174.4664936,0.730866306,124.2052567
SHH,-1.008645813,7.273627391,83.17523818,7.51E-20,6.77E-18,0.068554763,671.0683794,0.253582487,348.2959198
LINC01224,-1.006855928,7.394057649,128.0002194,1.12E-29,2.21E-27,0.249107288,230.4170619,0.425548877,161.4538601
LAMA1,-0.996427209,7.493991338,151.0491125,1.02E-34,2.74E-32,0.315526322,195.7914312,0.584060638,135.779258
MAB21L2,-0.993172502,7.494144322,63.36446586,1.72E-15,1.05E-13,0.381212431,231.2243774,0.56444063,180.0141923
AL139246.5,-0.993070833,7.462897835,104.817245,1.34E-24,1.78E-22,0.320986493,221.163134,0.547397361,160.0437628
HLA-B,-0.986476323,7.585608202,189.0125736,5.22E-43,2.46E-40,0.405279974,165.5123117,0.747266715,115.5609939
SHOX2,-0.984704096,7.291975143,51.20325105,8.33E-13,3.91E-11,0.159343105,421.8647884,0.257039865,315.2781878
RRM2,-0.984442981,7.525746682,44.62176151,2.39E-11,9.34E-10,0.444261307,250.3010656,0.579760665,204.6890902
GLYCTK-AS1,-0.981156489,7.399357689,153.2960488,3.30E-35,9.21E-33,0.243822246,206.8949163,0.423169096,145.129065
ACTA2,-0.980466017,7.297596423,119.6735547,7.46E-28,1.29E-25,0.14053206,340.6704361,0.278654014,223.1466978
MGST1,-0.973373351,8.036033159,116.1655672,4.37E-27,7.03E-25,0.797427296,144.3303036,1.202212939,106.452257
PDPN,-0.970055553,7.876287126,143.4574155,4.67E-33,1.15E-30,0.7002955,145.55629,1.050045474,103.8262929
FOXP4,-0.964445562,7.869199948,233.6181175,9.69E-53,7.86E-50,0.710175483,125.1601076,1.145006276,82.94367016
ZFHX3,-0.962276056,8.53408856,260.679774,1.22E-58,1.22E-55,1.311784678,95.04561119,2.035699597,56.04899782
CDKN1A,-0.961492073,7.617253263,62.40198806,2.80E-15,1.69E-13,0.501285683,207.8410144,0.736190921,164.8208901
PMAIP1,-0.95070427,7.313208982,111.9871943,3.60E-26,5.38E-24,0.167154629,288.5029574,0.294977944,207.4718023
ACKR3,-0.950633298,7.775008434,136.4030652,1.63E-31,3.49E-29,0.607113369,150.9575105,0.944505534,111.5228842
DLK1,-0.950621963,7.296660777,73.71070509,9.04E-18,6.92E-16,0.180743571,404.5279802,0.294982759,275.4715167
SLC29A2,-0.950367863,7.404360187,123.7579944,9.52E-29,1.76E-26,0.245982144,219.9110774,0.441736923,154.8757829
NR6A1,-0.950206351,7.376278425,143.3775037,4.86E-33,1.19E-30,0.215797096,217.5221371,0.375974475,155.7529428
SP8,-0.948391571,7.289905301,110.3969048,8.02E-26,1.16E-23,0.1330004,344.8073709,0.259595961,233.8141084
FKBP5,-0.939624979,7.31977902,122.1668574,2.12E-28,3.82E-26,0.164007763,266.9720772,0.293164378,191.5297767
PHLDA3,-0.937961055,7.376046888,116.2068984,4.28E-27,6.91E-25,0.228318106,230.7574509,0.39938787,169.3250206
SDC1,-0.934258354,7.500593108,139.3233173,3.74E-32,8.48E-30,0.341614468,191.581512,0.590079457,131.5827872
TPX2,-0.93370989,7.405114535,44.10998309,3.10E-11,1.20E-09,0.303979894,280.8330396,0.447687813,224.0528541
C1QL1,-0.933556025,7.330586864,88.52619579,5.02E-21,4.92E-19,0.194252106,280.4710315,0.345810437,215.544499
FOXA1,-0.932054299,7.270982302,114.5597498,9.83E-27,1.52E-24,0.07091372,536.4289651,0.240302417,282.3534212
GBE1,-0.931556676,7.32535223,123.7827045,9.40E-29,1.75E-26,0.163597463,258.318282,0.300922478,185.7173338
ELMO1,-0.928611154,7.382214326,112.903169,2.27E-26,3.41E-24,0.245875753,233.9688105,0.406625666,166.3501209
CMTM7,-0.922419934,7.299794147,120.7089939,4.43E-28,7.80E-26,0.130603508,297.4526376,0.266681323,202.0278554
SOX21-AS1,-0.917778616,7.304098318,113.562779,1.62E-26,2.49E-24,0.140334544,290.4996488,0.275544251,204.1927456
CRNDE,-0.915848686,8.425377559,258.756693,3.20E-58,3.10E-55,1.224465752,93.20019432,1.852376908,62.43514275
CKS1B,-0.913765198,7.480754481,92.3724336,7.18E-22,7.39E-20,0.340735253,214.8431989,0.552449446,160.1408248
TMEM38B,-0.912496071,7.731052111,156.7509912,5.80E-36,1.74E-33,0.572900954,142.7577573,0.948380058,105.6308577
ETV1,-0.903579027,7.432678735,109.0688495,1.57E-25,2.23E-23,0.286274192,210.6368343,0.482970643,151.4081816
TCF7L2,-0.901884029,8.004430659,132.5461745,1.14E-30,2.35E-28,0.927660019,134.90521,1.400601605,102.6834165
PLAGL1,-0.900085835,7.895093138,158.7321031,2.14E-36,6.73E-34,0.72563626,129.6423982,1.126222374,95.40317781
SHISA3,-0.899994893,7.26894139,104.6723929,1.44E-24,1.90E-22,0.069891311,579.2816478,0.254932364,305.0817694
PLCD1,-0.899806234,7.464785875,151.4630343,8.30E-35,2.24E-32,0.297887106,187.3676191,0.535544908,124.5974094
AL353150.1,-0.894760011,7.282306368,124.406252,6.86E-29,1.29E-26,0.09862386,335.8518187,0.240599671,213.7703038
NMU,-0.893950279,7.45546544,99.43993835,2.02E-23,2.42E-21,0.329214761,217.9464192,0.514960132,153.0805424
S100A6,-0.880760337,7.300142009,102.2176333,4.97E-24,6.29E-22,0.145273516,305.7108052,0.265420738,210.3618786
PCDH19,-0.868873473,7.465954282,94.5978434,2.33E-22,2.53E-20,0.318942201,202.1377734,0.54693545,152.5969538
LINC01315,-0.868689223,7.351418074,107.0297488,4.39E-25,6.00E-23,0.19309811,229.4563962,0.342348985,174.7661803
FUT9,-0.867150758,7.532311369,128.2618716,9.84E-30,1.96E-27,0.383821898,175.2958596,0.636813995,123.0230477
AC002044.2,-0.862234597,7.384574409,118.309211,1.48E-27,2.51E-25,0.234909315,208.0299708,0.383432452,154.2299799
CDK1,-0.862022859,7.440028995,32.51611813,1.18E-08,3.14E-07,0.35886479,272.67647,0.469496532,225.7980384
S100A13,-0.861984289,7.368297313,101.854867,5.97E-24,7.52E-22,0.219906672,227.3504114,0.375230925,169.5283743
PCDH18,-0.860472281,7.846382557,84.39284873,4.06E-20,3.73E-18,0.697018361,156.100701,0.99888463,119.595929
ADCY7,-0.853677844,7.281780343,117.5106254,2.22E-27,3.65E-25,0.101906906,326.4583236,0.232816694,206.4852892
DIO3OS,-0.850870399,7.272026569,124.0035648,8.41E-29,1.58E-26,0.081985904,385.5766679,0.222794282,223.5896214
EPHA2,-0.849352578,7.41795712,99.48357327,1.98E-23,2.39E-21,0.272813752,211.1539988,0.463385087,153.8699456
FAM19A4,-0.846641742,7.272984051,118.171463,1.59E-27,2.67E-25,0.088446802,384.8294988,0.224307725,226.7509416
FOLH1,-0.837508102,7.270741585,91.11750966,1.35E-21,1.35E-19,0.090066562,443.8657951,0.23923051,278.0620103
RHBDL3,-0.836502135,7.74198538,126.5542121,2.33E-29,4.48E-27,0.604800795,141.6075338,0.938730537,105.3448384
POU3F2,-0.833697883,9.008410051,275.9558621,5.71E-62,7.38E-59,1.775549225,74.3021344,2.570896246,42.7240455
ABCA5,-0.832281427,7.322809632,94.02780893,3.11E-22,3.32E-20,0.174244842,247.3079691,0.288760614,189.3262108
NHS,-0.83226822,7.338645807,98.19602626,3.79E-23,4.44E-21,0.199279314,238.6829055,0.306274524,180.1242016
PTCH1,-0.829649186,8.032168378,159.2754259,1.63E-36,5.21E-34,0.907651015,115.3106534,1.335987795,85.60825233
FZD1,-0.822710573,7.733030661,96.34695545,9.64E-23,1.08E-20,0.638935593,153.4651792,0.918677582,113.265109
SELENBP1,-0.821013845,7.337043504,93.69637892,3.68E-22,3.89E-20,0.197104733,245.6557635,0.306980265,181.5836727
MCM6,-0.818363484,7.783607529,72.66683531,1.53E-17,1.14E-15,0.665028256,161.323922,0.924074584,125.9429262
PVT1,-0.817440656,7.292747089,94.88897532,2.01E-22,2.20E-20,0.136790346,296.427817,0.250132545,210.930968
SLC2A1,-0.815475978,8.088275145,117.5286113,2.20E-27,3.64E-25,0.980214827,118.2606692,1.36882058,95.41872417
LIX1,-0.815002196,7.368362239,68.65377472,1.17E-16,8.07E-15,0.252278552,246.3731435,0.381256219,186.0074027
CENPH,-0.814044918,7.646778323,92.78990449,5.82E-22,6.04E-20,0.507228445,164.8155339,0.760349877,128.3378285
CRB2,-0.813655945,8.34973731,160.0644164,1.10E-36,3.57E-34,1.11734064,108.8953336,1.660390034,70.12321252
CCNB2,-0.812432874,7.465356688,57.4826212,3.41E-14,1.85E-12,0.386262705,237.0910674,0.578787385,185.552248
PRTG,-0.812393732,7.890777565,101.3297671,7.79E-24,9.74E-22,0.821138746,147.2637494,1.082591858,99.64203343
PCDH8,-0.810706692,7.801206971,38.10200044,6.71E-10,2.16E-08,0.617422331,182.5898728,0.835831264,157.9710767
LEF1,-0.807746668,7.650700452,87.02793645,1.07E-20,1.03E-18,0.527254953,162.9428138,0.77268396,123.9768544
SOCS2,-0.804339366,7.376114359,84.40320849,4.03E-20,3.72E-18,0.233300679,224.4214385,0.391076021,171.9524361
SLC29A1,-0.803791015,7.384860168,94.33143471,2.67E-22,2.86E-20,0.243554309,215.1417733,0.390218449,161.4431619
SPRY1,-0.803042519,7.430902618,57.46549348,3.44E-14,1.86E-12,0.304559979,228.8080425,0.488284188,179.2867738
SPRY2,-0.802741337,7.641195811,108.72291,1.87E-25,2.64E-23,0.515118491,157.3847436,0.80014152,117.4680844
PTX3,-0.801037347,7.366105551,75.10607999,4.46E-18,3.50E-16,0.235392969,241.7196753,0.386214302,186.4719799
CDT1,-0.800301042,7.543775579,65.5439597,5.68E-16,3.69E-14,0.446055194,194.829888,0.596831683,149.0826876
ALPL,-0.797303949,7.29459823,88.40803222,5.33E-21,5.17E-19,0.145302259,290.1049404,0.249577219,213.6824024
NTNG1,-0.795506551,7.284968035,80.89774071,2.38E-19,2.06E-17,0.131174288,324.5276337,0.24722354,235.4830213
FABP7,-0.794339416,8.020363467,58.81460461,1.73E-14,9.75E-13,0.861729376,151.5837583,1.188111835,123.2436539
PCLAF,-0.793110061,7.760549578,36.85259811,1.27E-09,3.94E-08,0.622156909,191.8225635,0.799330214,160.5015524
SEMA5B,-0.792990236,7.906267682,200.8748187,1.35E-45,7.45E-43,0.777809511,110.9020354,1.195830072,76.56673053
HMGA1,-0.791636713,8.805652415,205.2675672,1.48E-46,8.61E-44,1.703562339,77.81243089,2.272916469,57.00193812
MECOM,-0.790287212,7.333688793,58.29758151,2.25E-14,1.25E-12,0.217143042,267.4580087,0.319083725,213.6644489
KLHDC8A,-0.790083543,8.040380667,138.8709566,4.70E-32,1.04E-29,0.911177157,114.6888823,1.345349554,81.72582061
CA14,-0.787087476,7.586421765,126.1109194,2.91E-29,5.57E-27,0.449103508,155.1987018,0.70491333,111.3988605
ASIC4,-0.784754351,7.292509141,49.9473062,1.58E-12,7.12E-11,0.161488953,333.7817938,0.254484246,268.5425037
EMID1,-0.781286311,7.278739341,98.86579034,2.70E-23,3.21E-21,0.110564574,323.9769152,0.221175749,210.5982576
ILDR2,-0.779389143,8.061709408,95.76237464,1.30E-22,1.44E-20,0.861941322,128.8576198,1.223202626,98.32009767
BARHL2,-0.7789672,7.274357732,50.0217062,1.52E-12,6.88E-11,0.121825468,406.6280368,0.218771493,303.0140935
PLA2G3,-0.776057102,7.274111441,98.16397726,3.85E-23,4.49E-21,0.095795005,342.1571928,0.219634978,220.6000064
ALCAM,-0.775612982,7.282521501,75.17467866,4.31E-18,3.39E-16,0.125753884,343.6683574,0.25077029,247.3588697
PRIMA1,-0.774879913,7.29886737,72.03017058,2.12E-17,1.57E-15,0.154874008,288.2973086,0.258586857,218.5754876
LIN28B,-0.774213083,7.352361093,93.97199091,3.20E-22,3.40E-20,0.207950747,217.9002513,0.313155671,168.776598
BBC3,-0.773854805,7.341598804,87.97487016,6.63E-21,6.40E-19,0.204589177,230.1851111,0.305063281,177.8105815
LHFPL6,-0.773210678,7.788934351,115.7060552,5.51E-27,8.74E-25,0.666851533,136.6985831,0.976648714,100.4906519
FGFRL1,-0.771979054,7.523982081,98.8926779,2.67E-23,3.17E-21,0.393033376,175.641211,0.600430928,128.0013911
JAG1,-0.771038952,7.734714936,113.4526569,1.72E-26,2.60E-24,0.630808622,149.3534161,0.923180958,108.8934111
SNCG,-0.770864925,7.329234916,57.80782687,2.89E-14,1.59E-12,0.21843037,281.6748462,0.306991863,215.420308
CCNB1IP1,-0.770612545,8.133273952,205.2832986,1.47E-46,8.61E-44,1.005605161,94.29512358,1.471996776,71.65206072
DTX4,-0.770603915,8.064292051,123.286375,1.21E-28,2.19E-26,0.933414162,115.4792563,1.308049713,87.50251712
HMGCS1,-0.767278643,10.95756977,316.196779,9.76E-71,1.89E-67,3.877046042,37.43265198,4.682908375,26.91609894
LINC02525,-0.765618762,7.30335196,85.85892411,1.93E-20,1.83E-18,0.149304042,261.685806,0.257398246,192.9104433
PDE3B,-0.761606045,7.368902634,92.94208463,5.38E-22,5.62E-20,0.222922405,209.1611396,0.347519474,162.6742158
NUF2,-0.761260116,7.372275954,31.28566411,2.23E-08,5.67E-07,0.286505692,284.1504425,0.382916871,233.8393698
TMEM243,-0.756093358,7.352659563,80.86080001,2.42E-19,2.10E-17,0.213808536,227.7654534,0.33076395,175.9524015
ZFHX4-AS1,-0.755843495,7.34210961,64.48137332,9.74E-16,6.11E-14,0.211493896,244.1204174,0.327243269,195.3603824
HJURP,-0.754607344,7.29413534,40.04273826,2.48E-10,8.59E-09,0.184451086,347.7851774,0.26448502,272.4291959
SPON1,-0.749868076,7.267956961,54.53769553,1.52E-13,7.78E-12,0.109920786,469.0842303,0.22627478,319.958689
TLX3,-0.747298365,7.262883855,49.25882484,2.24E-12,9.85E-11,0.091416972,520.9744136,0.19324232,351.1681391
PTTG1,-0.747051318,7.663535072,47.02670664,7.00E-12,2.91E-10,0.605191452,192.2089303,0.853032437,157.2197764
KHDRBS2,-0.746700092,7.359891271,85.3502705,2.50E-20,2.36E-18,0.221908997,216.4046522,0.334494438,169.1574992
MCM2,-0.746215691,7.782896226,61.18968651,5.18E-15,3.05E-13,0.643462323,158.5414053,0.867669038,127.8139927
ARAP3,-0.745776459,7.304552163,79.70016864,4.36E-19,3.72E-17,0.1519342,262.6244932,0.258996359,195.4003691
HMMR,-0.745431031,7.296390374,60.42144385,7.66E-15,4.44E-13,0.170248494,306.1887886,0.263229878,241.3737575
CENPE,-0.74462795,7.319892453,50.47660628,1.21E-12,5.53E-11,0.210168688,290.6821813,0.311621662,231.0359509
SCD,-0.744451148,10.6825864,346.6463323,2.28E-77,6.11E-74,3.657782628,37.697006,4.428869528,26.19196745
EPM2A,-0.743439872,7.326194594,82.65959598,9.75E-20,8.67E-18,0.180554287,233.8039443,0.282624689,182.2007363
POU3F3,-0.743214992,8.806157587,323.1237751,3.02E-72,6.20E-69,1.746702889,61.41273911,2.385733586,41.9247807
FOS,-0.742343145,9.455467567,69.35822257,8.21E-17,5.75E-15,1.950860064,100.6725818,2.539769406,75.11347262
KIF2C,-0.741984487,7.30801587,36.97645394,1.20E-09,3.71E-08,0.204677558,320.6028612,0.293958836,261.6142988
SLC25A13,-0.739966673,7.421475632,93.28844114,4.52E-22,4.75E-20,0.274233581,196.1353219,0.445280477,143.4956445
MND1,-0.739730956,7.316377883,67.80667562,1.80E-16,1.21E-14,0.186340402,262.7643412,0.277644159,206.8195858
PIMREG,-0.737519694,7.357731024,34.35732361,4.59E-09,1.31E-07,0.272599304,286.4846975,0.372020729,230.6642841
ATAD2,-0.736868203,7.421056195,43.88610577,3.48E-11,1.34E-09,0.33280106,233.9583864,0.443587754,186.6932513
NAALAD2,-0.735416371,7.647410125,131.0613451,2.40E-30,4.90E-28,0.519642131,136.6205559,0.802178908,99.53064933
MPPED2,-0.734216514,7.301460792,69.35423324,8.23E-17,5.75E-15,0.167450391,282.8273372,0.25194587,209.2616684
CXXC4,-0.733087501,8.64335272,257.8686616,5.00E-58,4.59E-55,1.552829844,73.49073108,2.173705092,43.93833706
EIF1AY,-0.731486847,7.540203722,118.259117,1.52E-27,2.56E-25,0.398625004,160.4136912,0.631274547,112.5854721
MRC2,-0.730168338,7.523982268,79.299903,5.34E-19,4.51E-17,0.401255223,177.1220143,0.589655707,133.6695965
TRDMT1,-0.725886981,7.316323502,75.55069804,3.56E-18,2.82E-16,0.163807682,243.5295018,0.275122471,191.1550842
EFCAB2,-0.723663167,7.333670827,79.17321396,5.69E-19,4.79E-17,0.194621188,231.1953423,0.288789133,179.6167672
MTTP,-0.722037107,7.263908054,90.27752833,2.07E-21,2.05E-19,0.081262623,409.466657,0.204182822,247.8494509
TACC3,-0.719604583,7.415812848,34.34823135,4.61E-09,1.31E-07,0.331841024,254.7089022,0.452671689,208.0831246
TNFRSF19,-0.718526909,7.348739899,66.26231947,3.95E-16,2.61E-14,0.234669614,244.1752436,0.323191531,186.6266781
KIF15,-0.717245227,7.34372565,42.16948624,8.37E-11,3.07E-09,0.240471728,266.1234802,0.340805452,215.1956236
CDCA8,-0.717004549,7.313935652,40.01250958,2.52E-10,8.70E-09,0.213735469,311.0470313,0.318100652,252.4272621
CDC20,-0.716641178,7.388493306,28.78760602,8.08E-08,1.88E-06,0.311299786,291.8465888,0.468128342,236.8050163
LMX1B,-0.713114837,7.293688156,26.8909086,2.15E-07,4.66E-06,0.163790712,352.3295141,0.251095084,293.261865
CRB1,-0.71265012,7.299945761,69.10324976,9.34E-17,6.49E-15,0.154748138,270.2573894,0.252653929,205.1579808
MAD2L1,-0.710189181,7.635661924,31.58434023,1.91E-08,4.92E-07,0.519363945,201.636038,0.666022884,168.9174511
ENOSF1,-0.708797243,7.380576129,72.59701495,1.59E-17,1.18E-15,0.243034035,212.1274375,0.378947631,165.4853375
CDHR1,-0.708443102,7.260053656,100.1028131,1.45E-23,1.76E-21,0.059233745,440.1882947,0.197589584,244.888431
VIM-AS1,-0.70635814,7.41894621,77.69482803,1.20E-18,9.92E-17,0.282719054,201.6674502,0.441619724,149.1602584
CKB,-0.706253856,10.5747965,337.514217,2.22E-75,5.16E-72,3.610661495,36.29572575,4.367831694,25.53308182
EPHX2,-0.702852691,7.367843903,77.64781455,1.23E-18,1.01E-16,0.229246829,210.6035766,0.340079431,164.7790109
KNL1,-0.701976486,7.304145764,42.20995621,8.20E-11,3.01E-09,0.20085592,307.9761037,0.278611131,247.7340314
ANKRD6,-0.698222184,7.77911055,96.98336928,6.99E-23,7.92E-21,0.67835378,130.7842582,0.957374128,102.1547616
LMO1,-0.697933585,7.444766569,40.29497788,2.18E-10,7.61E-09,0.36574313,223.3591054,0.498671341,180.0402935
MTMR10,-0.696105087,7.31552422,73.48459757,1.01E-17,7.71E-16,0.173482152,240.1936681,0.257395865,185.6274273
UHRF1,-0.695853014,7.673432384,49.89821542,1.62E-12,7.28E-11,0.580360882,172.1857133,0.758025883,140.0695631
PHF19,-0.695111487,7.357648072,66.73484674,3.11E-16,2.07E-14,0.234958005,227.1424266,0.332323002,180.7776773
CDH8,-0.695015946,7.284178107,51.82121532,6.08E-13,2.91E-11,0.158823262,325.1600151,0.229753871,252.727091
TK1,-0.693865785,7.329807958,35.70461389,2.30E-09,6.86E-08,0.235708405,278.9566584,0.312582165,228.3386957
IGDCC4,-0.692973454,7.677616415,109.6291723,1.18E-25,1.70E-23,0.567919193,135.6224106,0.831307114,99.35752684
ZWINT,-0.692423038,7.50702864,34.40587469,4.47E-09,1.28E-07,0.418161261,213.4019621,0.526076806,176.182945
YBX3,-0.690682554,7.651516151,76.83186789,1.86E-18,1.50E-16,0.536596826,158.080163,0.748848066,120.2963138
DLGAP5,-0.690609918,7.313657245,29.21670726,6.47E-08,1.53E-06,0.219986624,322.5900783,0.302501026,263.3045715
ABHD3,-0.690514847,7.496221005,72.64445556,1.55E-17,1.15E-15,0.373138582,185.4461269,0.549691458,140.773496
TMEM45A,-0.690255236,7.328046391,68.60236524,1.20E-16,8.27E-15,0.19320676,237.3110095,0.282543526,184.8686845
NES,-0.689745492,9.337296815,79.56440999,4.67E-19,3.97E-17,1.877514042,96.82549156,2.526393088,65.79691646
DNAJC1,-0.689002546,7.4204478,78.88767664,6.57E-19,5.50E-17,0.278672399,195.1014196,0.440100153,146.8380048
DOCK6,-0.688946671,7.289511641,69.01757931,9.76E-17,6.77E-15,0.13936618,285.3336849,0.235108879,210.7098477
FZD2,-0.68868478,7.709143763,97.05781299,6.73E-23,7.65E-21,0.579398311,137.4143901,0.843303853,107.7536233
DGKH,-0.688376902,7.315903047,70.14165402,5.52E-17,3.93E-15,0.172270047,242.2136358,0.265644559,188.3163806
WNT7B,-0.688336462,7.523271478,41.82927131,9.96E-11,3.60E-09,0.432402217,199.5380957,0.578034271,161.8275208
BLACAT1,-0.688259071,7.306858125,64.50457976,9.63E-16,6.05E-14,0.169480368,256.0834882,0.256141635,198.0759186
NEFL,-0.682803515,7.594662861,36.46547035,1.55E-09,4.77E-08,0.521046477,196.1851154,0.694519639,163.0866536
LGR4,-0.680784755,7.744094526,84.96870835,3.03E-20,2.84E-18,0.630707512,138.066451,0.891956389,107.7457657
TRIM9,-0.680354359,7.402506038,71.46660423,2.82E-17,2.06E-15,0.275310596,197.1817686,0.402590147,154.2949395
COLGALT2,-0.677467768,7.287273857,63.7103951,1.44E-15,8.91E-14,0.144082449,294.925678,0.235921278,223.510566
ZBTB16,-0.6762707,7.336416808,64.99675609,7.50E-16,4.78E-14,0.199877877,225.6583514,0.295480384,183.3712068
TJP2,-0.676046748,7.3069993,60.24767116,8.36E-15,4.81E-13,0.172007806,262.7339159,0.26025535,206.0910033
DAB1,-0.673949619,7.329523232,58.74032724,1.80E-14,1.01E-12,0.21135311,242.550328,0.290246892,196.3133224
CCNA2,-0.673492386,7.423171962,30.13848566,4.02E-08,9.87E-07,0.341933043,251.8646441,0.478017565,207.9676619
SLC1A5,-0.672912856,7.395488467,62.02767971,3.39E-15,2.03E-13,0.279136093,215.1828588,0.399236731,164.2886288
FOXM1,-0.672616405,7.346821258,29.07177367,6.97E-08,1.64E-06,0.25748017,276.2425298,0.339471776,230.6068582
CKS2,-0.67260075,7.798844538,71.02437627,3.53E-17,2.54E-15,0.742552909,149.1565848,1.022914776,118.3825154
MYCN,-0.672209071,7.842167637,100.8146022,1.01E-23,1.24E-21,0.724411287,124.5127027,1.032280297,96.64831147
CDKN3,-0.671757141,7.318923796,42.48371962,7.13E-11,2.63E-09,0.228045628,286.2906015,0.306275249,234.7821555
MYBL2,-0.671636048,7.392077895,28.91840654,7.55E-08,1.76E-06,0.306687549,255.2798304,0.39916449,211.740301
MYRF,-0.668901589,7.267147333,80.72750932,2.59E-19,2.23E-17,0.092647282,349.8926641,0.197838898,221.0345938
C21orf58,-0.668341594,7.350514116,50.25863485,1.35E-12,6.15E-11,0.238659948,243.5845324,0.337093074,196.9293463
GRIP2,-0.667987602,7.356464018,47.04780698,6.93E-12,2.89E-10,0.240854909,237.5083377,0.348081897,197.0562403
STK32C,-0.666410676,7.328966063,66.98558722,2.73E-16,1.83E-14,0.186091823,225.5387978,0.282885028,181.3250652
INF2,-0.66628481,7.30794065,63.43350107,1.66E-15,1.02E-13,0.170348254,252.3983879,0.25448618,195.7559896
MXD3,-0.665566418,7.345559305,42.29449789,7.85E-11,2.89E-09,0.26091605,273.6544861,0.356628105,220.1645452
AL139424.2,-0.664828685,7.335622657,67.74051418,1.86E-16,1.25E-14,0.195699293,219.2913242,0.287282904,176.9457047
RAD51AP1,-0.661135194,7.351417713,38.54515622,5.35E-10,1.76E-08,0.246823858,252.6804999,0.354211711,207.3365223
ARHGAP11A,-0.660061794,7.281941455,48.99159275,2.57E-12,1.12E-10,0.162333675,335.0796709,0.240979979,262.5416741
KIF20A,-0.659284954,7.27559838,40.15456136,2.35E-10,8.14E-09,0.159273808,385.8411483,0.237616421,297.6984563
CCNG1,-0.658034405,8.51016852,217.3847596,3.36E-49,2.17E-46,1.478049792,72.60409735,1.99771328,51.02284419
SOX2,-0.657105546,9.25791917,63.17647234,1.89E-15,1.15E-13,1.749314194,101.0206444,2.36321555,72.50337374
GINS2,-0.656950762,7.65547278,45.61825382,1.44E-11,5.84E-10,0.540288668,169.864724,0.727328969,142.205483
IMPA2,-0.656576137,7.391371369,63.55433275,1.56E-15,9.60E-14,0.26604169,210.0311404,0.388895008,162.2765359
ZNF367,-0.654410168,7.318230759,44.65658422,2.35E-11,9.19E-10,0.201333331,266.3582241,0.290333071,217.5092109
PCNA,-0.653308403,8.459447578,61.68958992,4.02E-15,2.41E-13,1.406061059,107.8562767,1.704725473,97.31750069
METRN,-0.651216497,7.672935025,79.42442709,5.01E-19,4.24E-17,0.564193217,143.8856868,0.80063826,113.8202548
DTL,-0.650241118,7.356871081,33.988952,5.54E-09,1.56E-07,0.264090874,254.2284361,0.347147412,208.110716
SDK2,-0.648529149,8.042754565,102.3106392,4.75E-24,6.04E-22,0.934456428,112.5580006,1.266912716,82.56641371
KIF18B,-0.648227045,7.300485992,28.91751938,7.55E-08,1.76E-06,0.198291016,323.5976666,0.271619517,262.9933212
DBF4,-0.648209288,7.451541857,70.82846183,3.90E-17,2.79E-15,0.312257274,190.3694496,0.494497146,142.871775
EPB41L2,-0.646899867,7.436709842,64.87456141,7.98E-16,5.07E-14,0.31529549,197.2293878,0.458192565,147.2911346
TROAP,-0.645997976,7.317147552,37.2857036,1.02E-09,3.20E-08,0.219573129,295.3140592,0.310374451,238.772693
AL133415.1,-0.645698212,7.296513356,58.44411348,2.09E-14,1.16E-12,0.154068516,269.094409,0.244295312,208.1531034
MARCH1,-0.645650962,7.292524094,60.1009007,9.01E-15,5.17E-13,0.149077522,268.797114,0.235135081,208.6763539
COCH,-0.644751826,7.31139595,59.7267747,1.09E-14,6.20E-13,0.175219075,247.0543094,0.258847133,194.745218
PLEKHH1,-0.644404364,7.331227842,62.68508499,2.43E-15,1.47E-13,0.195646119,220.4397579,0.282772725,180.9505802
C1QL4,-0.644102372,7.287320038,41.21221384,1.37E-10,4.87E-09,0.161380799,315.8830517,0.240519656,256.7401152
AL049597.1,-0.643016322,7.351633051,65.08267325,7.18E-16,4.60E-14,0.213836128,213.3157378,0.306401055,172.4292131
ZFP36L1,-0.642927462,9.26631501,49.99874499,1.54E-12,6.94E-11,1.688380854,105.5785479,2.2327483,82.86299687
NSUN5,-0.642276873,7.390959123,70.47662752,4.66E-17,3.33E-15,0.246314779,197.2154042,0.365020283,154.8164103
LGR5,-0.641963837,7.267180454,60.45103528,7.54E-15,4.38E-13,0.117609352,372.3225813,0.204963117,257.7776268
CDK6,-0.64154438,7.611641199,62.02865895,3.38E-15,2.03E-13,0.527295593,164.2953095,0.701268087,125.3824164
BUB1B,-0.64071386,7.330101316,27.98873169,1.22E-07,2.75E-06,0.230913172,283.7322387,0.316745645,238.106115
ATF3,-0.640545387,7.324435758,46.55482884,8.91E-12,3.69E-10,0.218990391,260.2552424,0.284996203,212.8425537
E2F1,-0.639736632,7.468071623,42.11382935,8.61E-11,3.15E-09,0.378629008,205.4985186,0.495938708,165.5207843
CRABP1,-0.639540328,8.254349351,25.70198181,3.98E-07,8.20E-06,1.052761784,160.2931119,1.305813321,135.6265424
TXNIP,-0.639336871,8.722442645,176.4580001,2.88E-40,1.15E-37,1.667306195,69.38702549,2.222520464,46.90595382
MIS18BP1,-0.637762207,7.339079713,42.03895434,8.95E-11,3.26E-09,0.229690788,256.6090886,0.326923861,210.0667685
ADCYAP1R1,-0.636447079,7.565777722,71.40981499,2.90E-17,2.11E-15,0.483518487,162.5203879,0.649237203,119.6315603
NDC80,-0.636150954,7.305291157,26.2604506,2.98E-07,6.31E-06,0.206350495,317.0204643,0.276354994,262.4237624
ELOVL6,-0.634686351,7.986582171,167.6278332,2.44E-38,8.96E-36,0.922048441,90.7109617,1.292255985,69.42878974
LRRC10B,-0.633808839,7.312409863,49.69791273,1.79E-12,7.99E-11,0.186499922,258.6703723,0.270349877,212.3458456
MCM10,-0.633728957,7.316071065,35.07702287,3.17E-09,9.30E-08,0.207648274,280.0141427,0.29048421,229.2957485
ARL4A,-0.632515435,7.631995513,76.83895081,1.85E-18,1.50E-16,0.530564362,145.4523959,0.76017808,115.2458153
TKT,-0.631158313,7.979407636,152.5284173,4.86E-35,1.33E-32,0.896312854,94.77703774,1.262219051,73.8054418
PCYT2,-0.631044708,7.511834407,81.06748401,2.18E-19,1.91E-17,0.363879813,163.0247122,0.575880233,126.1714206
APCDD1,-0.630273975,7.77221681,47.96104462,4.35E-12,1.85E-10,0.684150627,151.2930565,0.947476,127.2860392
FDPS,-0.629614168,9.34307743,241.8358111,1.56E-54,1.33E-51,2.357357682,51.88556556,2.956260149,37.14055449
ATAD5,-0.628783252,7.358321723,53.0324168,3.28E-13,1.61E-11,0.234290139,223.3798153,0.336009113,182.3022754
AC124798.1,-0.625653843,7.320501968,55.1738471,1.10E-13,5.73E-12,0.187735073,236.2341933,0.271208351,193.9641795
DDC,-0.625046056,7.253239273,59.33949122,1.33E-14,7.49E-13,0.050547746,637.2451361,0.189482133,348.6641212
BCL6,-0.62452521,7.324976446,51.47715924,7.24E-13,3.43E-11,0.210671479,243.4703471,0.274833372,194.8839211
TMEM97,-0.624448382,8.302011633,137.8419315,7.89E-32,1.71E-29,1.224824476,89.42337967,1.65573206,65.27760833
TCF7L1,-0.624198923,7.692752238,74.05915236,7.58E-18,5.84E-16,0.575341036,140.5471546,0.803093794,111.1910504
EVA1B,-0.623979018,7.285691478,55.39216245,9.87E-14,5.14E-12,0.151213222,293.1593803,0.220774588,216.6235377
PRCP,-0.62368258,7.631478825,71.09569456,3.40E-17,2.46E-15,0.535815356,149.4288033,0.73947393,117.3364645
BEND7,-0.622999587,7.430224152,72.69006854,1.52E-17,1.14E-15,0.27751185,181.7756864,0.433193888,137.6095477
PRR11,-0.622436378,7.306630316,40.3504369,2.12E-10,7.40E-09,0.198197644,285.1566256,0.268027096,232.990349
RBPMS2,-0.620346243,7.309342143,50.75166842,1.05E-12,4.84E-11,0.179246268,253.414477,0.260803661,206.7967264
RPL21P75,-0.619252813,7.359477753,61.2519326,5.02E-15,2.96E-13,0.225512065,207.9765186,0.31622166,169.9543076
COL4A2,-0.617004956,7.949877875,107.6574519,3.19E-25,4.40E-23,0.87563243,111.7942512,1.182338084,82.22182022
CDCA5,-0.616570527,7.332811655,23.10361879,1.54E-06,2.81E-05,0.242127886,284.0564272,0.313759043,240.2345748
RMI2,-0.616202215,7.418073021,38.73266069,4.86E-10,1.61E-08,0.302705555,216.4433353,0.439848288,178.133821
SLC16A1,-0.615785937,8.02688575,111.2608232,5.19E-26,7.63E-24,0.925319648,103.3642156,1.268507993,81.86274715
RTKN2,-0.614975566,7.298895359,39.34878525,3.54E-10,1.20E-08,0.189240307,294.9315814,0.256522078,238.469228
CENPK,-0.614582238,7.442813812,35.55390463,2.48E-09,7.38E-08,0.340284336,213.5157859,0.462709215,177.5675064
ASPM,-0.613983162,7.319787014,28.01696833,1.20E-07,2.71E-06,0.229724233,301.5322054,0.319377234,249.8577223
CTNNAL1,-0.612868204,7.63015907,78.95393305,6.36E-19,5.33E-17,0.526681679,143.8248791,0.743961888,112.4449466
MAPK12,-0.61227994,7.302100018,54.70239413,1.40E-13,7.19E-12,0.160139918,249.3767761,0.245056257,200.0659032
WSCD1,-0.611988722,7.919626258,84.6800555,3.51E-20,3.27E-18,0.841609052,116.8375858,1.154621579,92.37968833
TMEM2,-0.611159828,7.848763317,93.15187617,4.84E-22,5.07E-20,0.765931296,114.239941,1.068359114,93.46660664
SEMA7A,-0.6110662,7.302521224,53.71243243,2.32E-13,1.17E-11,0.164317351,250.4657663,0.245051318,196.4495471
PRSS23,-0.610668668,7.487920719,41.70494559,1.06E-10,3.82E-09,0.410285253,199.1058667,0.545513185,159.1496524
CTH,-0.609065016,7.285574319,56.49771844,5.63E-14,2.99E-12,0.135453291,275.4930504,0.223026039,208.705413
FOXA2,-0.606726511,7.251852556,50.77030891,1.04E-12,4.80E-11,0.051506948,664.6500701,0.1678187,364.7529601
GYPC,-0.606532248,7.306353219,49.51475674,1.97E-12,8.69E-11,0.181891343,257.6626453,0.249867267,206.0539319
JAG2,-0.605512664,7.312131833,52.0629584,5.37E-13,2.59E-11,0.173068458,237.7362504,0.261493921,193.0823912
KIF11,-0.603670019,7.377256283,23.26550782,1.41E-06,2.59E-05,0.290528284,262.5326393,0.385884306,221.620836
ALDOC,-0.602977441,7.584568109,65.3196766,6.37E-16,4.12E-14,0.492113828,152.2200009,0.702899545,122.4443243
MCM4,-0.601169215,7.808214938,32.94536269,9.48E-09,2.55E-07,0.695864341,158.9142863,0.858507817,140.0217996
CPAMD8,-0.600986061,7.304058582,52.90628533,3.50E-13,1.72E-11,0.166103821,245.9936356,0.246804786,196.9347186
ACSF2,-0.59955106,7.298755683,50.57574529,1.15E-12,5.28E-11,0.157774537,260.176038,0.244775561,205.8866319
RPS27L,-0.599151469,8.411106766,95.21618222,1.71E-22,1.89E-20,1.358362472,90.07129406,1.749560119,73.56102906
LRIG1,-0.598781655,8.010522584,74.40340008,6.37E-18,4.92E-16,0.956954316,114.8896707,1.223626929,93.11744032
AC009501.1,-0.595174245,7.260516954,55.68516979,8.51E-14,4.45E-12,0.087978784,395.8164895,0.193879128,275.8262112
TNFRSF10B,-0.595119014,8.000382087,95.85073147,1.24E-22,1.38E-20,0.929875126,105.7635399,1.260585023,82.29373983
ZDHHC22,-0.594957233,7.365782642,52.85451759,3.59E-13,1.76E-11,0.255639394,212.5452758,0.324857465,172.7331049
SUCLG2,-0.594507134,7.355740831,50.19144253,1.39E-12,6.34E-11,0.232653503,218.4345981,0.319991556,179.8161311
SLC1A3,-0.592941047,7.652910849,43.62704176,3.97E-11,1.52E-09,0.580576671,168.8112343,0.72488834,131.2681994
OLMALINC,-0.59205665,7.851259,106.8968362,4.69E-25,6.36E-23,0.76735477,110.308255,1.067721083,84.60804181
INSIG1,-0.590616424,8.306293295,121.8903115,2.44E-28,4.34E-26,1.26840798,85.72774739,1.666092292,63.35958204
RASD1,-0.590273553,7.260734321,45.1487726,1.83E-11,7.30E-10,0.096290446,441.8708276,0.227208804,330.8297692
NR2E1,-0.589978369,7.278259704,36.29436965,1.70E-09,5.19E-08,0.144036474,332.1457005,0.215568125,259.2697624
AC110285.7,-0.589645912,7.268919665,54.56737005,1.50E-13,7.67E-12,0.112120021,330.241173,0.199537404,236.9291662
SYT7,-0.589038904,7.346246221,38.51622641,5.43E-10,1.79E-08,0.232621408,234.9959383,0.31909953,203.6262047
ACAT2,-0.588912252,9.046100366,141.0365162,1.58E-32,3.71E-30,2.029523023,63.55600487,2.522340437,50.29682632
FBXO17,-0.588856465,7.309536466,47.17942605,6.48E-12,2.71E-10,0.185789082,248.6528396,0.251867973,201.100341
NENF,-0.58743471,7.466395854,54.04367737,1.96E-13,9.94E-12,0.345552706,185.3919156,0.503657887,143.4208709
HELLS,-0.586843175,7.875926605,49.00116032,2.56E-12,1.12E-10,0.793966503,136.6808152,1.000431269,114.4910438
LDLR,-0.585937118,8.14348622,157.9675337,3.15E-36,9.62E-34,1.09944357,85.15586506,1.491661786,59.59028795
RPL4P5,-0.585783789,7.32744163,52.45347826,4.41E-13,2.15E-11,0.186732037,222.0755263,0.267173419,181.4923008
SKIDA1,-0.585623815,7.747702768,94.37569752,2.61E-22,2.82E-20,0.652261807,115.27267,0.928770586,92.69600843
WRN,-0.585544543,7.383508567,57.77568663,2.94E-14,1.61E-12,0.248702115,197.8516615,0.344602711,158.4807377
AJAP1,0.58505199,7.272448474,42.45584505,7.23E-11,2.67E-09,0.208588923,261.216111,0.120473276,328.593129
ZNF883,0.585590218,7.324674879,49.67106938,1.82E-12,8.09E-11,0.268802393,186.9134058,0.195440538,225.2452675
VSTM2A,0.585590917,7.339599786,33.14858401,8.54E-09,2.33E-07,0.303186206,210.9155936,0.236794693,249.1962849
RCBTB2,0.587741055,7.448875485,59.84566339,1.03E-14,5.85E-13,0.479658611,144.6465052,0.302791516,178.6857384
CD82,0.587861234,7.254550059,68.47042504,1.29E-16,8.81E-15,0.184891751,287.2497391,0.059195108,467.6796179
TEX2,0.588353313,7.332692082,51.89491536,5.86E-13,2.81E-11,0.2795389,184.6068392,0.197398193,219.8561307
HGNC:18790,0.590232564,8.430055001,82.70665694,9.52E-20,8.51E-18,1.648043593,72.9477072,1.341391073,88.12908424
GLCE,0.59644476,7.401125454,57.39788774,3.56E-14,1.92E-12,0.394573337,159.7411094,0.256054584,190.0224061
NTM,0.599158156,7.283248044,44.67705568,2.32E-11,9.11E-10,0.220286653,233.7834958,0.141685207,298.1167324
NHLH1,0.601797533,7.760822403,15.15424643,9.91E-05,0.001235041,0.741341537,183.0897019,0.61381859,196.5129041
PCDHB15,0.602021184,7.285428145,44.55014385,2.48E-11,9.66E-10,0.225528777,235.341614,0.147555656,293.6288336
FZD10,0.605147733,7.664129421,34.23617771,4.88E-09,1.39E-07,0.766074841,153.4765732,0.526037984,161.0605524
IQCG,0.605285858,7.33629138,54.67454544,1.42E-13,7.28E-12,0.281047918,183.7746481,0.206778093,219.2316201
NMNAT2,0.606630963,7.607398296,59.36196949,1.31E-14,7.42E-13,0.681103656,121.2023512,0.508931589,148.0879973
CPEB2,0.608479628,7.342807765,42.2259504,8.13E-11,2.99E-09,0.317876526,204.4660184,0.219299924,236.8739419
MARCH1,0.608977356,7.27252655,51.62128052,6.73E-13,3.19E-11,0.207382311,245.5006382,0.113221803,324.4053707
CDK5R1,0.609199646,8.09352995,82.04179279,1.33E-19,1.18E-17,1.295455348,84.01874542,1.006046401,100.073444
VGLL3,0.609459628,7.290600575,36.01113286,1.96E-09,5.91E-08,0.260053674,271.6085668,0.1695913,326.2693121
SLC16A2,0.609491771,7.637778481,94.3664034,2.62E-22,2.82E-20,0.755158951,105.6291655,0.530581045,125.2567784
SKOR2,0.610540961,7.252971191,49.07556635,2.46E-12,1.08E-10,0.160724855,357.0525425,0.048107413,635.3475956
PRDM11,0.611323259,7.294454475,55.88222944,7.69E-14,4.04E-12,0.230954776,202.339865,0.149937345,256.3631003
ZNF667,0.611478612,7.313134635,53.59238203,2.47E-13,1.23E-11,0.257135504,192.0684795,0.175536431,236.0621464
ZCCHC18,0.614493615,7.298254113,53.53193322,2.54E-13,1.27E-11,0.239083122,204.9447349,0.155496199,252.8462017
HOXC4,0.61516217,7.251913513,83.36656011,6.82E-20,6.22E-18,0.182280766,303.3327194,0.032007502,748.1271242
RELN,0.615454475,7.273897089,38.55458609,5.32E-10,1.75E-08,0.213886134,288.3793921,0.139461802,362.3314542
ATP2B2,0.617083167,7.278873059,54.65537093,1.44E-13,7.35E-12,0.215255333,230.5822918,0.125011974,298.2125251
PPP2R2B,0.618301689,7.401893757,37.85238238,7.63E-10,2.44E-08,0.403577528,179.2162405,0.289798527,218.675277
CHD3,0.61833088,8.133140838,144.9928241,2.16E-33,5.41E-31,1.444062445,66.99942443,1.094749137,82.45547616
LINC00982,0.618883782,7.262556761,56.92928284,4.52E-14,2.42E-12,0.216986785,302.8403797,0.098727324,416.0015909
XKR7,0.619564652,7.345708596,47.44473398,5.66E-12,2.40E-10,0.300299584,191.9083612,0.226037251,224.7414958
FGD6,0.620540965,7.417991668,65.88571345,4.78E-16,3.13E-14,0.415467057,148.7850571,0.280073355,186.3885131
SNTG1,0.622829413,7.258857069,56.43840478,5.80E-14,3.08E-12,0.203175369,311.8067603,0.073085187,449.0145979
SULT4A1,0.622935892,7.36946995,55.69023027,8.48E-14,4.45E-12,0.333568039,172.8970936,0.245013206,206.6701455
ID3,0.624960287,7.9382714,22.73478463,1.86E-06,3.35E-05,0.948537962,159.8225535,0.784619707,167.6263302
ENC1,0.628372535,8.371770086,76.07635552,2.73E-18,2.18E-16,1.66333703,89.99485915,1.290988857,92.32433219
DISP3,0.630137022,7.507596679,56.18256228,6.60E-14,3.49E-12,0.582256197,145.8477825,0.391056404,171.5269974
CACNA1E,0.63120131,7.365353472,44.87718133,2.10E-11,8.26E-10,0.349752329,187.4024101,0.23722213,219.6728538
HECW1,0.632542316,7.287856811,51.96104857,5.66E-13,2.72E-11,0.223056405,219.6258253,0.146407778,283.1461661
TANC1,0.633678747,7.266867715,65.44819092,5.97E-16,3.87E-14,0.203117032,245.3876329,0.089926572,339.0553968
ZNF135,0.636346598,7.297340281,60.2928873,8.17E-15,4.72E-13,0.238440605,196.7935209,0.148902961,254.2386007
NRGN,0.636674543,7.335988252,39.97754203,2.57E-10,8.85E-09,0.349268986,219.6348836,0.213120371,261.8550313
SYT13,0.637520016,7.593081056,38.42310746,5.70E-10,1.86E-08,0.631858363,145.0714955,0.509502001,174.1326476
DMRT3,0.637626833,7.253656074,67.06620354,2.63E-16,1.76E-14,0.183511891,331.3521101,0.038710664,686.7574174
ASXL3,0.641055168,7.743398272,92.78774439,5.82E-22,6.04E-20,0.896333254,97.00701237,0.652501182,124.9275026
FAIM2,0.641123841,7.359771986,46.67874521,8.36E-12,3.46E-10,0.331453245,187.8120956,0.228957536,219.438238
EFNB2,0.645235934,7.704395034,68.02123489,1.62E-16,1.10E-14,0.821019665,117.6686706,0.596052841,141.1028767
SLITRK4,0.645458299,7.268324559,61.8103367,3.78E-15,2.27E-13,0.20219759,252.9880195,0.105215713,361.3255297
CADPS,0.645744522,7.780130806,53.07840365,3.20E-13,1.58E-11,0.878552486,116.6360933,0.667362229,144.693719
THRA,0.646437517,7.599044684,97.27517129,6.03E-23,6.90E-21,0.703042543,108.1485884,0.479438902,136.9132886
LRRC7,0.64856625,7.279602808,53.99913154,2.01E-13,1.02E-11,0.214169056,236.7546451,0.130408501,309.7715573
STC2,0.649422599,7.273471665,50.51756893,1.18E-12,5.43E-11,0.218268607,274.2411761,0.128383572,355.9397453
CHN2,0.650464101,7.382284883,42.75049312,6.22E-11,2.32E-09,0.381560913,185.1570332,0.259087825,221.8218348
HOXA3,0.650607167,7.254740298,89.73984865,2.72E-21,2.67E-19,0.188789612,283.5195906,0.046673702,581.4390563
NXPH4,0.653493838,7.30695913,36.03226207,1.94E-09,5.86E-08,0.269893077,251.8168857,0.197224722,299.1593453
MEIS1,0.654155919,7.857555888,92.47104078,6.83E-22,7.07E-20,1.047227769,100.8236974,0.753348405,113.5296923
SPOCK2,0.654946095,7.283037568,52.30096466,4.76E-13,2.31E-11,0.234251192,247.2178068,0.133683738,310.5888811
PDE1A,0.655277399,7.354128903,51.06709045,8.93E-13,4.16E-11,0.33092439,190.2615906,0.228373691,226.377332
C17orf97,0.65562666,7.349713521,67.34716623,2.28E-16,1.53E-14,0.290054522,172.7809655,0.202513962,209.1263888
TUSC1,0.66068047,7.402235002,70.87899356,3.80E-17,2.73E-15,0.397494349,154.2820305,0.257590522,192.2869035
TOM1L1,0.662729448,7.285363547,61.47854995,4.48E-15,2.66E-13,0.226150037,222.8469012,0.137538077,292.0202929
PID1,0.664152175,7.317962008,42.55074635,6.89E-11,2.55E-09,0.281998049,225.2005448,0.197569253,268.7424708
LINC01122,0.664201716,7.270134455,73.93195539,8.09E-18,6.20E-16,0.203294923,227.3342846,0.097181552,336.0391835
FNDC5,0.668301368,7.532698456,36.22725344,1.76E-09,5.35E-08,0.575548045,165.9058408,0.435464117,192.1591319
NRSN1,0.669987282,7.336083308,51.24085454,8.17E-13,3.86E-11,0.293761797,197.5810419,0.212756389,237.07814
LRRIQ1,0.671787905,7.34883608,60.37840206,7.83E-15,4.53E-13,0.320895913,187.5394803,0.213439394,221.0012155
ANXA6,0.673239805,7.361556361,58.54466587,1.99E-14,1.11E-12,0.356145413,188.7107868,0.216503244,217.7628072
VSTM2L,0.676316696,7.569482592,64.76124179,8.45E-16,5.35E-14,0.641444147,132.4938254,0.483481712,165.0103253
INA,0.67809111,8.716070458,48.86030875,2.75E-12,1.20E-10,1.616159869,98.51429831,1.300320717,112.4656177
XKR4,0.678388822,7.367341357,47.2869506,6.13E-12,2.57E-10,0.337289997,186.3522384,0.248686279,224.1703347
GPC3,0.679456113,7.438316252,40.15905374,2.34E-10,8.13E-09,0.525178127,197.9407223,0.30149408,220.9749521
SORBS1,0.680963248,7.429696289,76.84970666,1.84E-18,1.49E-16,0.445933869,145.5670093,0.289427054,186.5605309
NR2F2-AS1,0.683738776,7.507730705,73.46079397,1.03E-17,7.78E-16,0.572723541,135.3249815,0.373985034,170.9949597
RGS8,0.683795792,7.284166596,56.5409715,5.50E-14,2.94E-12,0.229919223,238.7056301,0.129219004,307.5655537
KCTD12,0.685965371,7.299280235,42.0298891,8.99E-11,3.27E-09,0.297552141,263.9873227,0.158842035,307.890217
ANKS1B,0.688267297,7.451310833,57.68205836,3.08E-14,1.68E-12,0.501071677,159.0035506,0.340551145,200.3734934
IAH1,0.688613439,7.438133315,82.04740312,1.33E-19,1.18E-17,0.451442428,140.6807522,0.300351295,184.4640632
CFLAR,0.689718695,7.314852207,65.19494697,6.78E-16,4.36E-14,0.264345266,196.4283948,0.177427214,244.7629705
ZNF503,0.690092748,8.03541193,49.79110179,1.71E-12,7.67E-11,1.135262917,123.5132945,0.8408855,132.7490581
AHNAK,0.690654686,7.300211809,47.47902626,5.56E-12,2.36E-10,0.270385277,246.2432935,0.163339274,292.7288035
HOXC9,0.693598394,7.256172822,86.33514632,1.52E-20,1.45E-18,0.197354814,309.8928622,0.035448451,684.0525295
RALYL,0.69363526,7.302992267,41.21010825,1.37E-10,4.87E-09,0.26581528,249.8399585,0.175094582,300.4060018
HOXA5,0.693764301,7.255907714,83.06890358,7.92E-20,7.11E-18,0.18888382,313.1321345,0.036915576,759.0074892
BCL11A,0.695020982,8.264301866,141.8555966,1.05E-32,2.50E-30,1.637869565,70.49727221,1.224366841,84.01522238
CSAD,0.701813769,7.733593243,135.389921,2.71E-31,5.77E-29,0.923746844,90.0531447,0.62762822,116.4395314
NGFR,0.704128497,7.332117523,46.19701505,1.07E-11,4.39E-10,0.319907933,225.1309134,0.200982768,258.7556905
TCF4,0.709961722,8.391448532,158.6061259,2.28E-36,7.04E-34,1.774036846,71.67437735,1.329142169,77.23312518
PCDH9,0.711391166,7.660836241,52.61250903,4.06E-13,1.98E-11,0.77249836,137.1070363,0.57562603,167.3593101
FAM124A,0.72397494,7.303136178,72.92676853,1.35E-17,1.02E-15,0.2548824,206.5465497,0.1543245,261.0172772
DPP10,0.727752469,7.33399518,61.31509998,4.86E-15,2.88E-13,0.31972768,204.8072946,0.192517752,242.374803
NRP2,0.728435077,7.349694886,51.74253428,6.33E-13,3.02E-11,0.344525646,208.2213091,0.233374257,252.2564232
TMEM108,0.729813908,7.334286757,76.85717961,1.84E-18,1.49E-16,0.294403293,184.0250774,0.188364734,227.7273759
PHLDA1,0.732444029,7.598270837,54.49549814,1.56E-13,7.93E-12,0.717375078,148.1060777,0.519546059,179.1325929
SELENOP,0.7349805,7.273644828,70.85516004,3.84E-17,2.76E-15,0.225384659,257.7304513,0.102244739,358.8372059
RTN1,0.735751637,8.713779806,50.66804671,1.09E-12,5.05E-11,1.588989964,102.4874909,1.257071311,120.1026137
DPP6,0.735956871,7.358918124,64.93014453,7.76E-16,4.94E-14,0.346588537,185.823468,0.231216505,228.377122
RASL11B,0.742164655,7.288394423,71.86141933,2.31E-17,1.70E-15,0.25064524,232.7491037,0.124203324,300.4963173
LMX1A,0.742593334,7.313367206,28.34439413,1.02E-07,2.31E-06,0.283414023,270.9231513,0.19362504,326.7163632
SSTR2,0.744662679,7.332747834,50.64164389,1.11E-12,5.11E-11,0.378810581,239.4220273,0.195786198,273.4176776
OCIAD2,0.752050167,7.552499559,79.98866102,3.77E-19,3.23E-17,0.615379963,133.1635848,0.420075884,165.1398242
OLIG3,0.754461094,7.295906047,22.48581202,2.12E-06,3.76E-05,0.25256331,328.7253308,0.166180715,380.549595
RAB3B,0.756438057,7.344759592,59.91633547,9.90E-15,5.65E-13,0.335506112,206.6775626,0.213027753,242.8157114
LY6H,0.760610788,7.386760417,74.02658054,7.71E-18,5.92E-16,0.381667479,167.629966,0.252283157,212.6301737
AC243773.2,0.763221349,7.360034578,39.61229638,3.10E-10,1.06E-08,0.341591689,212.5767885,0.248552507,256.0971583
CASZ1,0.763338761,7.473895152,71.71243998,2.49E-17,1.83E-15,0.527037471,156.0331455,0.325865694,193.2152313
SEMA6D,0.765594325,7.334701427,65.27324399,6.52E-16,4.20E-14,0.306637381,205.3718744,0.212518985,249.5331478
NHLH2,0.766497409,7.641520391,27.69375276,1.42E-07,3.16E-06,0.63854044,181.9876934,0.508086432,207.468343
TFAP2B,0.768453681,7.542585386,26.03544908,3.35E-07,7.03E-06,0.6047868,220.9701149,0.505249457,242.8707305
ACTL6B,0.769801603,7.549284619,71.09528798,3.40E-17,2.46E-15,0.58964849,138.9257421,0.422804559,172.6247603
CACNA1C,0.777106408,7.290399705,88.46303848,5.18E-21,5.06E-19,0.238937599,209.9188273,0.129154208,285.798451
SNX10,0.778311942,7.313585556,83.30301956,7.04E-20,6.39E-18,0.268211726,194.37251,0.165978545,254.499245
MSX2,0.779204286,7.271552793,88.3585086,5.46E-21,5.29E-19,0.225345043,254.5328301,0.088769163,374.828617
COL1A2,0.781070766,7.261995935,49.48688965,2.00E-12,8.81E-11,0.24943424,422.7866942,0.041283304,644.3466611
TMEM132C,0.781462653,7.268535071,79.52544142,4.76E-19,4.04E-17,0.228272639,286.9191519,0.078510234,422.2444363
SCRT2,0.783074997,7.667080024,60.95252713,5.85E-15,3.43E-13,0.745866145,140.2270555,0.512261687,162.6056174
CLDN5,0.783464254,7.274787187,58.76360536,1.78E-14,9.97E-13,0.261663465,315.6697662,0.117148265,448.0388335
GAD2,0.784054823,7.36406506,27.11405668,1.92E-07,4.18E-06,0.33211197,245.6667707,0.280147079,291.2166098
CNTNAP2,0.784901371,7.942046673,71.89199344,2.27E-17,1.68E-15,1.12355536,125.0076311,0.784400419,130.0314418
SULF1,0.787602385,7.375149338,21.64739705,3.28E-06,5.60E-05,0.395439275,268.58544,0.260531932,313.4940342
PRDM16,0.787878939,7.318571917,71.62294241,2.61E-17,1.90E-15,0.295773188,216.5481496,0.182379529,266.5704428
SLC32A1,0.792647368,7.286502203,58.06375571,2.54E-14,1.40E-12,0.220889563,260.849117,0.155793482,346.4595772
PPP1R14C,0.797787136,7.325875801,63.38800081,1.70E-15,1.04E-13,0.323060346,225.388299,0.199361782,278.3574089
RBM47,0.806007826,7.268996094,53.14903807,3.09E-13,1.53E-11,0.221118242,331.5806903,0.084215152,506.3734236
NNAT,0.80882827,9.762069612,134.6651671,3.91E-31,8.11E-29,3.14303386,61.10844545,2.55734232,64.80829727
AL035425.3,0.812002981,7.264163177,78.84306223,6.72E-19,5.61E-17,0.215621943,321.2925694,0.061710574,609.7367357
FAM13C,0.815508475,7.384748041,91.23072732,1.28E-21,1.28E-19,0.378634233,163.0320605,0.24772598,211.5729273
TSHZ1,0.816312557,7.376319554,88.4256043,5.28E-21,5.14E-19,0.388793255,174.987604,0.225055327,216.3545118
TRPM3,0.816709562,7.27355503,69.79429971,6.58E-17,4.67E-15,0.273681371,330.152668,0.116352055,489.0598627
PCYT1B,0.825511121,7.345624084,97.61052977,5.09E-23,5.88E-21,0.313049797,179.976711,0.200737863,228.2577241
RASGEF1B,0.828637753,7.316135017,72.83385544,1.41E-17,1.06E-15,0.280467568,216.362924,0.183651983,278.9662377
TTR,0.832903671,7.27709223,45.58103571,1.46E-11,5.95E-10,0.354808063,393.3790715,0.16506553,574.0629475
PCSK1N,0.833921772,8.165049187,144.7331698,2.46E-33,6.12E-31,1.400141152,81.74692397,0.992752985,106.4743474
SH3KBP1,0.834736815,7.333581445,90.83792906,1.56E-21,1.55E-19,0.307247001,189.5762648,0.18266393,245.856725
SLCO3A1,0.839162618,7.317813881,91.56538453,1.08E-21,1.09E-19,0.285107399,203.1420445,0.169539252,262.4050029
NR4A2,0.84374736,7.273840837,80.77708459,2.53E-19,2.18E-17,0.238362094,290.0637649,0.10394779,428.5119664
ATP1A2,0.845108588,7.309351074,44.87010337,2.11E-11,8.28E-10,0.324258687,270.632449,0.158225299,328.1216427
KIRREL2,0.845138448,7.398527779,63.6990291,1.45E-15,8.95E-14,0.504012916,199.2143228,0.262302642,254.9542102
CDON,0.847969004,7.448623597,97.85451631,4.50E-23,5.22E-21,0.506281533,153.1112873,0.288420302,195.3292762
SH3BP5,0.848283183,7.533823204,96.58650725,8.54E-23,9.61E-21,0.606650523,133.6121143,0.396577146,175.1129931
UBE2QL1,0.851864168,7.381623832,69.30130619,8.45E-17,5.90E-15,0.426106032,194.787943,0.227050614,236.0340798
KCNA2,0.85515034,7.273462095,97.13805684,6.47E-23,7.37E-21,0.237177445,268.1781841,0.075674875,412.7158695
EML5,0.860045319,7.282506799,110.9569441,6.05E-26,8.82E-24,0.236887736,218.6558865,0.102298511,345.634274
PRDM13,0.86298653,7.269536702,65.21143261,6.73E-16,4.33E-14,0.224653528,335.9234588,0.081642314,540.2661532
HOXB6,0.863915107,7.264796318,110.9837695,5.97E-26,8.74E-24,0.228575561,302.312875,0.034760508,753.926186
HGNC:24955,0.868934702,8.62626101,57.46192459,3.45E-14,1.86E-12,1.479542583,110.229317,1.089705273,134.3080569
DNER,0.877147146,8.186070185,104.3884166,1.66E-24,2.19E-22,1.387846,95.3532266,0.993665632,121.0430735
GRIK2,0.882412943,7.355183451,77.03763486,1.68E-18,1.36E-16,0.366425275,197.3912214,0.208948685,242.0096211
ADCYAP1,0.883663714,7.318764917,53.44779291,2.66E-13,1.32E-11,0.293406627,245.0404121,0.210410495,315.6415666
DIRAS2,0.886570239,7.287244767,92.37977402,7.15E-22,7.38E-20,0.24108038,238.0075527,0.124056918,342.9052682
NRXN1,0.887317753,7.565852259,75.22308935,4.20E-18,3.32E-16,0.628372032,146.368674,0.439089554,181.6455048
NR2F2,0.895074767,9.27983151,243.0584762,8.47E-55,7.38E-52,2.740168479,50.44155417,2.042589912,68.49959928
HOXA9,0.914665216,7.267890565,107.842613,2.91E-25,4.04E-23,0.230749028,310.0071783,0.045280709,727.6057904
FEZF1,0.917802316,7.268317422,102.3371242,4.68E-24,5.98E-22,0.239297224,319.0938205,0.027295212,686.7237418
TSHZ3,0.918611494,7.345599399,105.6020664,9.01E-25,1.20E-22,0.342264197,188.7346617,0.186905126,241.6802118
NRXN3,0.923276395,7.53454438,55.12380428,1.13E-13,5.87E-12,0.567817854,169.1686662,0.424099874,208.5869989
PTPRM,0.92647593,7.329702029,99.73462772,1.74E-23,2.11E-21,0.321264795,205.0666206,0.177171813,263.5465428
LINC02381,0.951614314,7.46431844,97.5517259,5.25E-23,6.04E-21,0.545180417,161.9305744,0.293565135,207.3082601
MIR9-3HG,0.960777658,7.661834022,123.7580738,9.52E-29,1.76E-26,0.802990873,127.6657792,0.497993505,163.7106336
C3orf70,0.962358914,7.299635763,139.2523833,3.88E-32,8.67E-30,0.261821455,193.6772503,0.117221784,294.0324026
LRRN2,0.972596236,7.371079048,114.7619656,8.87E-27,1.39E-24,0.386896126,176.3791226,0.217386085,231.3182575
FLRT2,0.975368076,7.353466335,73.61223411,9.51E-18,7.26E-16,0.363717573,211.7614552,0.219522132,271.9400631
UNCX,0.980628169,7.858407511,49.79298731,1.71E-12,7.67E-11,0.81639013,153.2025548,0.581830498,185.2927464
EPHA5,0.994878369,7.410490751,81.3385227,1.90E-19,1.67E-17,0.452381933,181.6677931,0.286165741,240.8309751
FSTL5,1.015287864,7.306074437,86.27695306,1.56E-20,1.49E-18,0.277508827,241.8438921,0.151032372,333.0281233
ZIC3,1.022558552,7.463922943,119.0511697,1.02E-27,1.75E-25,0.526587097,153.1473618,0.319043151,213.8672913
SAMD5,1.037140196,7.341036677,101.5376963,7.01E-24,8.80E-22,0.33616408,202.9559263,0.194991493,267.5101396
EMX2OS,1.042731907,7.287939637,102.2235789,4.96E-24,6.29E-22,0.26775297,267.5816059,0.091218015,409.5541881
DUSP26,1.044515257,7.342227627,137.1118105,1.14E-31,2.45E-29,0.325797779,182.6634294,0.179372958,250.2627507
CBLN1,1.066910417,7.328287717,107.233679,3.96E-25,5.43E-23,0.344844969,223.8914675,0.173829753,304.9187807
CYP26A1,1.071311415,7.278550813,102.4632566,4.39E-24,5.64E-22,0.267900801,326.3248895,0.056468775,684.7934416
IGFBP5,1.089261921,7.443011599,65.70238059,5.24E-16,3.42E-14,0.529574092,215.3361586,0.323293106,285.4504955
FEZF2,1.097553093,7.282723427,94.10314149,3.00E-22,3.20E-20,0.260235955,314.3173653,0.066166968,582.7255112
ST3GAL1,1.105793016,7.322669424,152.7578406,4.33E-35,1.20E-32,0.310841874,198.6891521,0.147196114,282.8996934
UNC5B,1.118951257,7.331078693,141.7752789,1.09E-32,2.58E-30,0.340974214,202.6702197,0.170269601,289.7199824
ROBO3,1.123371885,7.64532251,69.75940767,6.70E-17,4.73E-15,0.866262574,182.9083683,0.559925817,218.7777766
RGS16,1.147004473,7.375079782,63.83841375,1.35E-15,8.40E-14,0.428315184,238.4658477,0.249700217,316.3792255
CNR1,1.163584166,7.551675465,102.6822117,3.93E-24,5.06E-22,0.657479601,161.0590499,0.393976373,210.028411
ECEL1,1.167334534,7.366532383,95.13775971,1.78E-22,1.96E-20,0.411748241,210.9900199,0.197557349,287.8244773
BCL11B,1.193860756,7.495257958,198.4053021,4.65E-45,2.54E-42,0.607619034,136.3310698,0.298740762,202.1266477
LHX1,1.201112782,7.874067923,50.00448103,1.53E-12,6.93E-11,0.799748892,182.0724007,0.572829615,213.0499991
TBR1,1.205344846,7.285472335,68.22506928,1.46E-16,9.94E-15,0.219124503,373.1569665,0.022537795,794.1604642
RIPOR2,1.217083501,7.322970465,187.2768944,1.25E-42,5.73E-40,0.316361764,194.8796803,0.136024634,302.370565
DACT1,1.230696292,7.351036356,169.134526,1.14E-38,4.24E-36,0.38373773,188.3053668,0.176922886,273.5009603
GJA1,1.236072947,7.529044879,95.80882476,1.27E-22,1.41E-20,0.683733427,189.3371145,0.300327655,228.656809
RSPO1,1.236565488,7.313977319,104.3356052,1.71E-24,2.24E-22,0.322367998,255.8383178,0.120152422,367.6905273
DMRTA2,1.239566319,7.304288294,106.9656002,4.53E-25,6.17E-23,0.303838067,267.4645316,0.102527305,417.2534624
CDH11,1.243837134,7.341305611,146.4551368,1.03E-33,2.65E-31,0.384118829,210.5451737,0.155207582,289.6757629
SLIT2,1.244321023,7.644805304,140.0761704,2.56E-32,5.92E-30,0.83088338,145.4227708,0.54191613,210.2886524
LAMB1,1.25862569,7.333970255,111.8123617,3.93E-26,5.85E-24,0.419056067,247.1496974,0.15847923,355.40296
RBMS1,1.263565767,7.368719536,179.1772351,7.33E-41,3.08E-38,0.401910998,175.6251841,0.197346094,258.1402874
TPBG,1.266892027,7.772333385,101.008613,9.16E-24,1.14E-21,0.969932676,158.3974639,0.554821406,191.4149501
HOXC6,1.289556849,7.293752382,152.1613611,5.84E-35,1.59E-32,0.284651334,276.0088865,0.067586857,606.4305919
SKOR1,1.293915178,7.308496669,163.6303705,1.82E-37,6.35E-35,0.314743373,234.9653693,0.114920641,399.6703506
EPHA7,1.298068626,7.508669353,195.6495893,1.86E-44,9.68E-42,0.64332316,146.1090965,0.301965477,208.3554593
CACNA2D1,1.300012546,7.491108459,139.3616161,3.67E-32,8.37E-30,0.574118297,159.7808264,0.33470488,228.9087196
MSX1,1.324057621,7.386693029,122.051311,2.25E-28,4.02E-26,0.497546891,211.9263434,0.190185378,291.0594895
NFIB,1.353108004,7.757843376,193.9032403,4.47E-44,2.26E-41,0.975979865,133.6325552,0.470977315,161.2283395
ARX,1.39617067,7.32691154,119.3275183,8.88E-28,1.53E-25,0.32183663,251.6036472,0.139841287,368.1411925
EPHA3,1.407176171,7.714175293,230.8793285,3.83E-52,2.79E-49,0.883793601,123.0813136,0.461877105,171.7187165
UNC5C,1.486882331,7.32218595,267.9681785,3.15E-60,3.54E-57,0.349907265,200.9098689,0.093353534,396.1753443
LHX5,1.510305978,7.501765859,149.9134076,1.81E-34,4.75E-32,0.574125655,168.4914579,0.301386863,235.9594197
LHX5-AS1,1.556350559,7.702256041,134.8463664,3.57E-31,7.45E-29,0.768257997,153.9197433,0.460982263,210.3879717
MAF,1.582876032,7.471853654,154.8735918,1.49E-35,4.34E-33,0.608577247,187.8768596,0.249563148,265.1520644
SIX3,1.642049281,7.362384031,135.0682224,3.19E-31,6.71E-29,0.403662822,249.5500451,0.186463051,376.0077785
ADCY2,1.663086268,7.338685736,232.5850858,1.63E-52,1.29E-49,0.419016197,226.1356043,0.094935039,425.1087749
RSPO2,1.700564918,7.410782455,94.99934073,1.90E-22,2.09E-20,0.540431955,253.1940228,0.232193859,343.1564224
TSHZ2,1.756209729,7.429362629,286.6113015,2.72E-64,3.65E-61,0.538254202,165.1887291,0.198191893,267.5960824
ZIC4,1.784900494,7.380246351,258.6708429,3.34E-58,3.15E-55,0.450101904,195.4599439,0.153137166,325.6506253
HOXB3,1.834716133,7.353774194,231.0866327,3.45E-52,2.56E-49,0.397875599,232.4434343,0.101513585,454.1258052
ID1,1.834907275,7.626342797,170.2342047,6.58E-39,2.47E-36,0.771717053,180.3448097,0.341817007,255.4531474
CHL1,1.855982509,7.412812159,306.5468408,1.23E-68,1.87E-65,0.515695059,170.7413162,0.188207849,296.3308512
EMX2,1.930079053,7.405841354,138.511237,5.63E-32,1.24E-29,0.442760367,240.5392587,0.164900778,358.3853556
HOXB2,2.139807999,7.428968823,307.0486588,9.60E-69,1.59E-65,0.511724169,192.2576908,0.189600773,345.0894738
ZIC5,2.201120616,7.60890206,406.2268049,2.43E-90,9.41E-87,0.779593667,140.9652618,0.26302575,234.4720881
TFAP2A,2.226454135,7.548784551,225.2889978,6.35E-51,4.26E-48,0.658116762,199.6941007,0.305295227,288.5748612
RSPO3,2.26941075,7.411959553,214.455423,1.47E-48,8.97E-46,0.53009384,247.3759281,0.098864607,468.1950077
ZIC2,2.347525106,8.31586997,544.2653473,2.23E-120,2.59E-116,1.565151262,100.0391288,0.645278227,159.1675244
ZIC1,2.762005804,8.453532007,487.1565541,5.92E-108,4.13E-104,1.591482422,108.6518413,0.63237158,186.5151984
NFIA,2.823482221,7.706828705,474.6381739,3.14E-105,1.37E-101,0.879122687,150.4077082,0.263490428,273.4322784
C1orf61,3.102211555,8.163497629,680.0383677,6.56E-150,2.29E-145,1.409724056,114.8772151,0.437930128,215.4787587
,,,,,,,,,
